sensor_1_kurtosis,sensor_10_kurtosis,sensor_2_kurtosis,sensor_3_kurtosis,sensor_4_kurtosis,sensor_5_kurtosis,sensor_6_kurtosis,sensor_7_kurtosis,sensor_8_kurtosis,sensor_9_kurtosis,sensor_1_max,sensor_10_max,sensor_2_max,sensor_3_max,sensor_4_max,sensor_5_max,sensor_6_max,sensor_7_max,sensor_8_max,sensor_9_max,sensor_1_mean,sensor_10_mean,sensor_2_mean,sensor_3_mean,sensor_4_mean,sensor_5_mean,sensor_6_mean,sensor_7_mean,sensor_8_mean,sensor_9_mean,sensor_1_min,sensor_10_min,sensor_2_min,sensor_3_min,sensor_4_min,sensor_5_min,sensor_6_min,sensor_7_min,sensor_8_min,sensor_9_min,sensor_1_percentile_10,sensor_10_percentile_10,sensor_2_percentile_10,sensor_3_percentile_10,sensor_4_percentile_10,sensor_5_percentile_10,sensor_6_percentile_10,sensor_7_percentile_10,sensor_8_percentile_10,sensor_9_percentile_10,sensor_1_percentile_25,sensor_10_percentile_25,sensor_2_percentile_25,sensor_3_percentile_25,sensor_4_percentile_25,sensor_5_percentile_25,sensor_6_percentile_25,sensor_7_percentile_25,sensor_8_percentile_25,sensor_9_percentile_25,sensor_1_percentile_50,sensor_10_percentile_50,sensor_2_percentile_50,sensor_3_percentile_50,sensor_4_percentile_50,sensor_5_percentile_50,sensor_6_percentile_50,sensor_7_percentile_50,sensor_8_percentile_50,sensor_9_percentile_50,sensor_1_percentile_75,sensor_10_percentile_75,sensor_2_percentile_75,sensor_3_percentile_75,sensor_4_percentile_75,sensor_5_percentile_75,sensor_6_percentile_75,sensor_7_percentile_75,sensor_8_percentile_75,sensor_9_percentile_75,sensor_1_percentile_90,sensor_10_percentile_90,sensor_2_percentile_90,sensor_3_percentile_90,sensor_4_percentile_90,sensor_5_percentile_90,sensor_6_percentile_90,sensor_7_percentile_90,sensor_8_percentile_90,sensor_9_percentile_90,sensor_1_skew,sensor_10_skew,sensor_2_skew,sensor_3_skew,sensor_4_skew,sensor_5_skew,sensor_6_skew,sensor_7_skew,sensor_8_skew,sensor_9_skew,sensor_1_std,sensor_10_std,sensor_2_std,sensor_3_std,sensor_4_std,sensor_5_std,sensor_6_std,sensor_7_std,sensor_8_std,sensor_9_std,sensor_1_sum,sensor_10_sum,sensor_2_sum,sensor_3_sum,sensor_4_sum,sensor_5_sum,sensor_6_sum,sensor_7_sum,sensor_8_sum,sensor_9_sum,segment_id
9.0247003737731,33.126929085483596,60.529058642458814,4.662725699787572,6.63983565302514,143.8446951774942,1.480263686241643,1.9898976246768232,10.003232511864013,10.056038029810757,862.0,2945.0,7273.0,2563.0,1677.0,2547.0,1119.0,1239.0,3115.0,1585.0,83.93570642935707,163.6040395960404,261.3461654135338,283.89191080891914,180.71952804719527,52.466553344665535,175.25457454254575,209.44335566443357,242.23397660233977,132.55784421557846,0.0,0.0,0.0,0.0,0.0,0.0,0.0,0.0,0.0,0.0,12.0,21.0,30.0,40.0,29.0,5.0,27.0,32.0,35.0,19.0,31.0,55.0,78.0,102.0,73.0,13.0,68.0,80.0,92.0,49.0,67.0,118.0,167.0,223.0,152.0,30.0,148.0,170.0,194.0,106.0,116.0,209.0,307.0,395.0,255.0,55.0,252.0,300.0,341.0,183.0,176.0,324.0,522.0,606.0,367.0,94.0,360.0,440.0,502.0,275.0,2.1243333742944106,4.320384973158189,6.104895631208686,1.6899097914120926,1.711053346499706,10.146375718394854,1.0995825982403173,1.2350597571383044,2.026651602920316,2.19766701341799,73.73410585287793,187.1653429448947,377.86786193575773,245.2950619469508,144.69198950742657,114.23472285697278,135.05285478404917,167.1446033113196,205.6632287247165,116.62025415300778,839441.0,1636204.0,2606928.0,2839203.0,1807376.0,524718.0,1752721.0,2094643.0,2422582.0,1325711.0,1000015382
1.2025850456322207,1.233779646597723,2.960063450911786,1.5433761078144332,1.8954058271401966,2.905636285590189,-0.15055365959013445,25.995538850453975,6.072975246589032,1.4739601464342877,2203.0,4314.0,10383.0,2327.0,3197.0,2311.0,2536.0,7356.0,3250.0,2676.0,421.994100589941,835.7800219978002,1287.7527247275273,376.85641435856417,505.9281071892811,274.018698130187,569.0691930806919,421.6809319068093,339.1424857514249,475.79273032881605,0.0,0.0,0.0,0.0,0.0,0.0,0.0,0.0,0.0,0.0,64.0,128.0,197.0,59.0,77.0,43.0,105.0,59.0,55.0,70.0,169.0,328.0,499.0,146.0,196.0,107.0,256.0,161.0,134.0,186.0,354.0,703.0,1045.0,311.0,422.0,224.0,518.0,342.0,282.0,398.0,607.0,1198.0,1830.0,542.0,723.0,386.0,827.0,588.0,485.0,682.0,868.0,1740.0,2680.0,779.0,1048.0,567.0,1099.0,872.0,694.0,981.0,1.0716640036590896,1.089213697799811,1.3843855778486576,1.129061693897143,1.1885619134364638,1.3470340890038348,0.6106245073549588,2.7421103634191426,1.5383839543726912,1.1207792723767167,324.03202413525963,643.3691849978825,1041.227664513782,291.7472727911983,395.33497812729263,218.59511373849364,380.8915433713891,362.6209308429003,266.43187796466924,368.4923281826849,4220363.0,8358636.0,12878815.0,3768941.0,5059787.0,2740461.0,5691261.0,4217231.0,3391764.0,4529071.0,1000554676
0.884821367741035,1.2607052441461466,2.9349147257012262,1.2255516622472111,0.9102747415557739,1.9924415663070532,0.5396539972609364,3.466107172056172,1.0976823133981144,1.134985478350865,2489.0,5230.0,12235.0,2525.0,2906.0,2004.0,2595.0,3573.0,1644.0,2891.0,484.0706929307069,971.9288071192881,1513.2322767723228,454.3725627437256,586.927907209279,307.34746525347464,567.1434856514348,441.11148885111487,329.84581541845813,555.6982784964857,0.0,0.0,1.0,0.0,0.0,0.0,0.0,0.0,0.0,0.0,74.0,153.0,224.0,70.0,89.0,49.0,98.0,63.0,51.0,86.0,190.0,383.0,576.0,175.0,228.0,119.0,244.0,172.0,129.0,223.0,410.0,806.0,1239.0,378.0,491.0,253.0,511.0,362.0,275.0,461.0,699.0,1391.0,2154.0,653.0,851.0,439.0,811.0,627.0,478.0,796.0,1005.0,2025.0,3174.0,945.0,1216.0,640.0,1114.0,914.0,678.0,1159.3999999999996,1.010870785077109,1.1047897990357236,1.351656352621452,1.0915272887633687,1.0193645463907233,1.215861335528958,0.8064278190627023,1.460469461173232,1.0573450762043368,1.0635058900403955,369.20107733051077,751.8660589034904,1215.7417451671658,353.4063711693971,449.48251479018603,241.09895842957187,395.25713543187175,358.9025428566829,253.52801151891978,424.95365012861237,4841191.0,9720260.0,15133836.0,4544180.0,5869866.0,3073782.0,5672002.0,4411556.0,3298788.0,5455290.0,1000745424
14.361004451838646,7.755720670703073,29.921562207841845,1.4300405838622474,3.3413943305879528,5.731866840492365,0.8019118311444378,1.44051363505523,2.2778395464483445,3.3733073906177715,3831.0,5712.0,6143.0,2492.0,1887.0,1335.0,2871.0,2516.0,3301.0,2053.0,312.2409759024098,548.4986501349865,357.0712928707129,425.29167083291674,275.13658634136584,150.9166083391661,531.2509749025097,457.43495650434954,573.975902409759,288.47465253474655,0.0,0.0,0.0,0.0,0.0,0.0,0.0,0.0,0.0,0.0,45.0,78.0,47.0,76.0,41.0,23.0,89.0,70.0,88.0,42.0,116.0,197.0,123.0,191.0,104.0,56.0,221.0,181.0,229.0,110.0,253.0,429.0,266.0,379.0,228.0,116.0,459.0,382.0,476.0,235.0,435.0,751.0,479.0,606.0,390.0,208.0,762.0,659.0,811.0,407.0,649.0,1154.0,748.0,825.0,570.0,321.0,1079.0,944.0,1189.0,604.0,2.425147770226796,2.064319990533619,3.75495150270685,0.9898447053138717,1.4371065468810562,1.86799560321846,0.9333425439968579,1.1141269859462601,1.2786751443816635,1.4481051010767623,273.26556739700584,491.0724739009281,364.63438814354623,301.00127046180063,222.52813247386445,132.46933699968264,388.42035246019157,352.2989395299404,452.3111313236146,236.00795152376062,3122722.0,5485535.0,3571070.0,4253342.0,2751641.0,1509317.0,5313041.0,4574807.0,5740333.0,2885035.0,1001461087
3.2848353694463235,3.17401835536375,5.051057443419089,4.067449303160114,3.620226166343893,6.0174206937467245,10.244905596392464,12.249418160683671,9.43922174232479,6.682597611318294,1716.0,4248.0,2993.0,1529.0,1459.0,1461.0,1965.0,2436.0,2398.0,2064.0,226.02519748025196,690.8783121687832,388.75402459754025,177.1040895910409,192.98710128987102,175.32016798320169,200.96450354964503,240.17148285171484,223.2015798420158,217.85181481851814,0.0,0.0,0.0,0.0,0.0,0.0,0.0,0.0,0.0,0.0,33.0,103.0,58.0,27.0,28.0,27.0,31.0,36.0,35.0,32.0,87.0,257.0,150.0,68.0,74.0,67.0,79.0,93.0,86.0,82.0,186.0,546.0,313.0,147.0,157.0,144.0,168.0,202.0,184.0,177.0,320.0,954.0,543.0,252.0,271.0,246.0,285.0,339.0,317.0,308.0,469.0,1462.0,812.0,366.0,401.0,364.0,414.0,481.0,460.0,450.0,1.3953204700021342,1.5533272599238686,1.7075851580671888,1.495670895517724,1.459215107285138,1.7574781581790582,2.0268253281670456,2.271823429714413,1.8834733357039144,1.7748306478990719,181.98699339519703,589.8281426742801,325.3851445442017,142.81241705213722,156.58531583008235,145.40799249770205,164.63188463926423,200.47154533921,181.48725950188307,181.00252218948802,2260478.0,6909474.0,3887929.0,1771218.0,1930064.0,1753377.0,2009846.0,2401955.0,2232239.0,2178736.0,1001732002
23.489039617585757,23.088505239492804,,25.112110609686408,34.36497982447123,58.45090136523049,1.7463280412270548,8.17675278991532,,23.655325808147797,2586.0,6129.0,,2736.0,3998.0,2673.0,1254.0,2155.0,,3185.0,182.1178882111789,382.45085491450857,,156.8824117588241,212.13478652134788,112.31076892310769,211.44545545445456,248.37516248375164,,203.97640235976402,0.0,0.0,,0.0,0.0,0.0,0.0,0.0,,0.0,24.0,48.0,,19.0,28.0,14.0,31.0,35.0,,25.0,61.0,126.0,,51.0,72.0,36.0,83.0,87.0,,65.0,132.0,273.0,,111.0,155.0,79.0,177.0,191.0,,139.0,238.0,491.0,,204.0,276.0,143.0,302.0,339.0,,253.0,379.0,781.0,,327.0,434.0,222.0,438.0,524.0,,422.0,3.613120103321099,3.7676234629550356,,3.790150233117121,4.321838443228008,5.946070301527648,1.1484712670359414,2.1837178389591982,,3.9200874864003614,195.79664553045822,431.18242660099105,,174.12702596559456,235.57648403602795,143.44844235131555,164.20931900959533,228.69318844039952,,243.91247701398075,1821361.0,3824891.0,0.0,1568981.0,2121560.0,1123220.0,2114666.0,2484000.0,0.0,2039968.0,1002275321
1.3553694391589097,1.5719040276876504,22.226013233794593,1.470593421230748,1.4291396557657583,2.8702118119035074,1.3691364407280506,2.6099294241767312,3.920623341885052,2.478696487357098,2129.0,4668.0,11164.0,1872.0,1968.0,1500.0,1024.0,1810.0,2069.0,3002.0,400.7119288071193,875.00799920008,759.077792220778,324.1395860413959,354.95220477952205,233.13688631136887,197.7069293070693,255.11518848115188,226.93400659934008,419.1530695492556,0.0,0.0,0.0,0.0,0.0,0.0,0.0,0.0,0.0,0.0,63.0,130.0,96.0,46.0,54.0,35.0,31.0,38.0,35.0,64.0,157.0,331.0,240.0,124.0,135.0,87.0,78.0,96.0,88.0,162.0,331.0,722.0,529.0,273.0,293.0,187.0,166.0,205.0,188.0,347.5,575.0,1251.0,972.0,469.0,511.0,329.0,281.0,364.0,323.0,600.0,828.0,1825.0,1591.0,673.0,742.0,491.0,409.0,536.0,469.0,870.0,1.1152146997747159,1.1849947195702457,3.6787593474715674,1.1147991980208478,1.1322700072943064,1.426769297087741,1.1084439868997882,1.3513127131925444,1.3961133408636273,1.2821740368787764,310.6231828223536,691.6076248394073,853.5085216608942,252.89146508687995,278.5618177629311,192.6044136572783,152.05208186993002,207.27937362479406,179.92664573218596,331.5166282142116,4007520.0,8750955.0,7591537.0,3241720.0,3549877.0,2331602.0,1977267.0,2551407.0,2269567.0,4110215.0,1002575641
4.55087570016883,3.1701819439143373,8.371450572793389,,3.218987216102839,,0.788589972178702,2.098648113292927,2.812958964115813,3.720659107447605,1851.0,4105.0,2737.0,,1996.0,,3494.0,2912.0,4415.0,2034.0,245.97780221977803,575.6026397360264,310.97120287971205,,271.57904209579044,,778.6505349465053,479.38326167383264,659.5015498450155,257.5004499550045,0.0,0.0,0.0,,0.0,,0.0,0.0,0.0,0.0,36.0,89.0,41.0,,41.0,,118.0,74.0,99.0,39.0,90.0,224.0,105.0,,105.0,,302.0,188.0,260.0,99.0,199.0,478.0,230.0,,221.0,,653.0,396.0,537.0,208.0,347.0,819.0,416.0,,388.0,,1129.0,684.0,929.0,364.0,513.0,1183.0,666.0,,566.0,,1616.0,993.0,1389.0,535.0,1.6091877036257662,1.3878783007759998,2.313483240814259,,1.4033829067039565,,0.9918798276340274,1.2351857528932713,1.3498783423805525,1.5245512292448642,204.9683358648581,457.9602114693274,302.1346636363377,,219.083442497881,,594.3511295202221,376.2071642005245,525.9070606320072,211.80413552335924,2460024.0,5756602.0,3110023.0,0.0,2716062.0,0.0,7787284.0,4794312.0,6595675.0,2575262.0,1002609771
1.5500678136761614,1.676530710104557,3.4006284539229137,1.647879392882528,2.040464852522673,,-0.2579585092959573,1.6721395936877927,0.9699759553115155,1.7296345057436877,2200.0,4345.0,10217.0,1885.0,3147.0,,1846.0,1875.0,1382.0,2640.0,385.3040695930407,774.8829117088292,1207.2538746125388,335.97770222977704,455.8003199680032,,527.8915108489151,364.55364463553644,273.4547545245475,428.19728027197283,0.0,0.0,0.0,0.0,0.0,,0.0,0.0,0.0,0.0,57.0,117.0,188.0,54.0,71.0,,95.0,56.0,44.0,64.0,150.0,300.0,474.0,132.0,180.0,,242.0,141.0,110.0,164.0,318.0,634.0,996.0,277.0,384.0,,489.0,300.0,232.0,351.0,555.0,1103.0,1708.0,479.0,647.0,,763.0,520.0,391.0,615.0,805.0,1633.0,2518.0,698.0,947.0,,1022.0,760.0,561.0,895.0,1.140820422780964,1.2126177572577386,1.3950390997592717,1.1882425905467195,1.2037653262619794,,0.5731130159507937,1.2037992165999594,1.0198630216853704,1.185222935156755,300.84018154567843,616.2297074865518,963.5459802423733,263.1410325334301,354.1905024473378,,350.2255643566402,287.5631286291156,206.1646200919116,337.90926500556674,3853426.0,7749604.0,12073746.0,3360113.0,4558459.0,0.0,5279443.0,3645901.0,2734821.0,4282401.0,1002624617
2.7358726424186086,2.12130564834447,27.042868992302413,5.8415661413155915,5.019354924926868,,0.4170448893562453,0.9030997767266018,0.6952572977703873,5.762254984636589,2101.0,4067.0,7748.0,1982.0,2308.0,,2648.0,2002.0,2631.0,2053.0,299.4837516248375,551.4442881543254,507.9228077192281,272.95200479952007,272.4121587841216,,653.6266373362664,449.93950604939505,582.8576142385762,248.23917608239177,0.0,0.0,0.0,0.0,0.0,,0.0,0.0,0.0,0.0,46.0,87.0,69.0,42.0,40.0,,113.0,74.0,97.0,37.0,116.0,220.0,177.0,106.0,105.0,,269.0,182.0,243.0,94.0,246.0,463.0,379.0,229.0,221.0,,562.0,381.0,495.0,201.0,427.0,792.0,681.0,388.0,383.0,,949.0,634.0,840.0,350.0,623.0,1138.0,1058.0,552.0,560.0,,1323.0,936.0,1191.0,512.0,1.307158768409288,1.1759402247124475,3.6066280987397965,1.6789705843611458,1.6428603349202908,,0.8782893493447458,1.0471191975611238,0.9530929222593945,1.7266853920733838,237.37032746525816,423.46394955809376,512.8370437485537,220.15808387663256,225.06428972217955,,476.8484694180966,342.2552916174065,430.6836253263729,206.71138040533978,2995137.0,5488525.0,5079736.0,2729793.0,2724394.0,0.0,6536920.0,4499845.0,5829159.0,2482640.0,1002789083
2.1413114290461523,17.543446932474907,33.921080131977554,2.2606258690516485,9.942674316544728,47.28194454476759,0.9597600202865388,86.67099773628235,15.525908021585959,5.720351811772603,461.0,2325.0,4991.0,465.0,868.0,1382.0,977.0,3409.0,1807.0,853.0,75.42475752424758,149.33766623337667,252.22977702229778,73.52284771522848,82.69123087691231,77.007699230077,209.05319468053196,121.7010298970103,155.22117788221178,82.76342365763423,0.0,0.0,0.0,0.0,0.0,0.0,0.0,0.0,0.0,0.0,11.0,20.0,33.0,11.0,12.0,10.0,34.0,16.0,22.0,12.0,28.0,54.0,84.0,29.0,31.0,26.0,83.0,41.0,55.0,30.0,62.0,116.0,178.0,59.0,66.0,58.0,177.0,87.0,121.0,65.0,108.0,202.0,321.0,105.0,114.0,102.0,300.0,154.0,212.0,116.0,159.0,308.0,516.0,153.0,173.0,154.0,430.0,235.0,315.0,176.0,1.2811302470637518,2.9201878025810024,4.440081133749007,1.2948236013745922,2.1698691364615326,5.252925644145594,1.0246942207905667,7.140256386849192,2.8849230330214466,1.7178569189393587,61.12688739829388,143.12180990370751,293.26797233458734,58.837942714966736,72.20659701228685,87.54963986628346,158.13736171456443,159.4256836520992,147.95361933880648,70.67793450602102,754323.0,1493526.0,2522550.0,735302.0,826995.0,770154.0,2090741.0,1217132.0,1552367.0,827717.0,1002825126
6.0967407778291305,6.51244759123666,,,1.1367357831850633,14.202870177788789,0.6340182609437566,2.5288638415156486,,3.0374887807233657,1833.0,3966.0,,,2465.0,1746.0,1899.0,1771.0,,2335.0,209.62393760623937,467.9143085691431,,,466.44595540445954,144.98070192980703,409.3093690630937,269.23217678232174,,338.3858614138586,0.0,0.0,,,0.0,0.0,0.0,0.0,,0.0,29.0,67.0,,,76.0,22.0,64.0,41.0,,49.0,77.0,176.0,,,190.0,53.0,166.0,102.0,,128.0,167.0,378.0,,,395.0,117.0,353.0,223.0,,278.0,297.0,653.0,,,671.0,205.0,591.0,388.0,,484.0,436.0,972.0,,,951.0,301.0,830.0,560.0,,703.0,1.7957410886997962,1.869595869050722,,,1.043281852712666,2.392204797408904,0.9120826174700589,1.270560611400772,,1.3833995524279397,178.8765207145245,397.76535162862587,,,351.94655887490876,125.54277967110352,302.35839409748803,213.71931145441945,,273.0539342256039,2096449.0,4679611.0,0.0,0.0,4664926.0,1449952.0,4093503.0,2692591.0,0.0,3384197.0,1003154738
0.5401266268492879,9.290248231249997,64.86546223405698,,2.091583027580824,15.848788027080857,0.7306508306426918,0.5533633587995994,0.6643710115061072,2.743814201846032,1874.0,4437.0,9059.0,,1858.0,1254.0,8666.0,2153.0,3255.0,2001.0,409.2774722527747,487.8633136686331,299.84441555844415,,283.7927207279272,102.74282571742826,1914.159684031597,477.4871512848715,702.0982901709829,293.3243675632437,0.0,0.0,0.0,,0.0,0.0,0.0,0.0,0.0,0.0,64.0,74.0,35.0,,40.0,13.0,304.0,81.0,107.0,44.0,161.0,184.0,91.0,,107.0,34.0,773.0,201.0,280.0,113.0,344.0,392.0,192.0,,231.0,73.0,1624.0,412.0,600.0,244.0,589.0,683.0,361.0,,411.0,131.0,2760.0,686.0,1021.0,420.0,856.0,995.0,631.0,,598.0,215.0,3935.0,972.0,1441.0,608.0,0.9427444943656083,2.1437409372537943,5.676821609969236,,1.2418189813095706,3.1599603031674532,0.9631802670982357,0.905168517616535,0.9306087428219542,1.3130732796431313,310.131659624505,420.266494518631,397.1490714971658,,228.36801468464645,112.01142466183761,1433.7367349686135,348.92858561587354,525.7210161654907,232.9901078912203,4093184.0,4879121.0,2998744.0,0.0,2838211.0,1027531.0,19143511.0,4775349.0,7021685.0,2933537.0,1003175827
4.948844973894728,1.1896987214834036,16.416211885850956,6.098144457888984,0.7142169508313785,7.61692553991347,1.2698976917317486,1.20258621693473,1.0273090059205243,0.7195382042399685,4337.0,4138.0,9521.0,5178.0,2275.0,1340.0,9728.0,4428.0,4757.0,1921.0,525.3833616638336,773.7298270172982,598.1486851314869,698.8217178282172,492.0765923407659,123.87151284871513,1677.4241575842416,821.5680431956804,1009.990700929907,392.5056494350565,0.0,0.0,0.0,0.0,0.0,0.0,0.0,0.0,0.0,0.0,79.0,120.0,82.0,108.0,79.0,16.0,255.0,127.0,162.0,61.0,202.0,313.0,210.0,272.0,199.0,44.0,668.0,331.0,406.0,155.0,432.0,658.0,456.0,561.0,422.0,97.0,1408.0,676.0,851.0,333.0,752.0,1109.0,813.0,981.0,708.0,170.0,2408.0,1176.0,1459.0,566.0,1095.0,1591.0,1265.0,1438.0,1001.0,263.0,3454.0,1720.0,2073.0,809.0,1.5444760726854314,1.0604768870663348,2.6718633670715652,1.8274114197207076,0.9490345743732204,2.0198372450607014,1.0703422833829437,1.10705495986864,1.0413025385357126,0.9640185391378457,426.37787796640913,588.1531936487806,560.5222769797119,586.9015216476174,366.39661697814114,110.22287507319459,1283.006338282221,638.2070840994015,767.0841101297293,296.65845107308286,5254359.0,7738072.0,5982085.0,6988916.0,4921258.0,1238839.0,16775919.0,8216502.0,10100917.0,3925449.0,1003411703
1.7287132266765504,1.6101171549767859,43.871146474297504,105.00892156939913,1.7105037475568787,4.080622849306442,0.7729662633344709,1.1824497397005338,1.0422520665309545,2.04482378737337,1688.0,3882.0,6472.0,32767.0,1927.0,1354.0,2387.0,2637.0,2784.0,1953.0,279.3128687131287,599.5695430456955,366.60513948605137,702.5026497350265,294.3789621037896,157.95120487951206,492.8790120987901,478.6448355164484,536.2686731326868,259.69093090690933,0.0,0.0,0.0,0.0,0.0,0.0,0.0,0.0,0.0,0.0,44.0,95.0,57.0,59.0,46.0,23.0,77.0,76.0,86.0,40.0,111.0,235.0,138.0,147.0,117.0,61.0,196.0,187.0,218.0,100.0,234.0,497.0,292.0,336.0,245.0,131.0,423.0,400.0,456.0,214.0,400.0,864.0,501.0,651.0,420.0,224.0,713.0,687.0,768.0,374.0,575.0,1244.0,755.0,1417.0,610.0,327.0,1005.0,994.0,1095.0,537.0,1.1482867081684598,1.1359589612494514,4.260205830048302,8.072168529053188,1.1703181927885875,1.4772796289621444,0.9459554098814532,1.0874969877251834,1.0130671992507745,1.2137618417639173,215.40901838915582,464.3803574531132,347.56903856584097,1465.9737548189526,229.25516520541618,127.58820093879417,368.0160849208414,369.6369451848333,402.2660767545895,204.87444683694287,2793408.0,5996295.0,3666418.0,7025729.0,2944084.0,1579670.0,4929283.0,4786927.0,5363223.0,2597169.0,1003520023
1.9034917458987097,0.9897220143642262,13.365307558290542,2.2464496026559475,3.0721882932215197,4.2955519230661645,0.49414755303836966,1.059287195840172,146.35099543614106,22.196991194162777,3194.0,3869.0,9319.0,2687.0,3252.0,1286.0,6898.0,224.0,1823.0,10349.0,546.4821517848216,761.8540145985402,737.2424757524248,449.25697430256974,456.26897310268976,170.60782689719431,1685.6889311068894,43.96880311968803,63.267973202679734,599.988501149885,0.0,0.0,0.0,0.0,0.0,0.0,0.0,0.0,0.0,0.0,88.0,110.0,106.0,67.0,69.0,27.0,269.0,7.0,9.0,83.0,218.0,295.0,261.0,171.0,175.0,66.0,681.0,17.0,24.0,204.0,463.0,631.0,564.0,371.0,377.0,140.0,1424.0,37.0,51.0,444.0,784.0,1095.0,1008.0,640.0,643.0,239.0,2416.0,63.0,88.0,789.0,1112.0,1601.0,1554.0,942.0,957.0,354.0,3489.0,91.0,127.0,1223.0,1.1724868653536498,1.0555000347987589,2.590562456196253,1.2694825014001447,1.3946719940939092,1.585842483200299,0.9261364452547887,1.0369224363181986,8.020910226754802,3.4861671308638678,419.13379117700515,592.4836756283935,689.1480696480473,358.2044761830933,367.61242150699337,140.32806444460408,1255.2395553544618,33.72287986897522,65.31235398591664,630.1692972271525,5465368.0,7619302.0,7373162.0,4493019.0,4563146.0,1647901.0,16858575.0,439732.0,632743.0,6000485.0,10035828
2.0838396779516755,5.708032729303842,14.871877207737239,2.967175887741358,1.8960817406134636,8.802164217721383,1.6002303628144752,10.71794389712295,1.2815536811291723,2.915071324265079,1349.0,3392.0,5586.0,2302.0,1826.0,1161.0,1777.0,4113.0,3080.0,2156.0,232.06889311068892,444.74872512748726,428.06359364063593,274.94600539946003,277.47255274472553,111.37026297370262,328.5023497650235,407.4990500949905,608.7264273572642,276.5053494650535,0.0,0.0,0.0,0.0,0.0,0.0,0.0,0.0,0.0,0.0,34.0,65.0,58.0,40.0,42.0,15.0,50.0,64.0,94.0,44.0,86.0,168.0,148.0,106.0,111.0,40.0,131.0,163.0,238.0,108.0,190.0,359.0,325.0,228.0,231.0,85.0,275.0,331.0,515.0,227.0,329.0,623.0,577.0,391.0,395.0,153.0,465.0,576.0,870.0,390.0,484.0,931.0,899.0,579.0,572.0,236.0,680.0,826.0,1260.0,575.0,1.2949263971195055,1.7477097237903965,2.752367143614963,1.331837979293982,1.19688260780829,2.177233211393473,1.1607227767256005,2.111973475041328,1.094976693785498,1.3670681594241447,187.73905974321028,373.3508188749886,412.4172813491749,219.45145496052555,215.38536085716885,101.8558235528084,254.78543486525686,336.76915895624643,469.65975445052237,221.1795058236191,2320921.0,4447932.0,4281064.0,2749735.0,2775003.0,1113814.0,3285352.0,4075398.0,6087873.0,2765330.0,1004346803
13.775715331457071,7.438303489340261,33.681016224219675,,9.689453824557056,14.63989044646327,0.5952805726780257,16.60044051006993,2.8621315075836753,11.391020194463604,3379.0,4611.0,7474.0,,2725.0,2241.0,1832.0,3760.0,2562.0,3092.0,259.5795420457954,548.8893110688931,410.0905909409059,,232.6905309469053,163.3137686231377,412.7144285571443,290.011698830117,373.15848415158484,267.3348665133487,0.0,0.0,0.0,,0.0,0.0,0.0,0.0,0.0,0.0,37.0,76.0,54.0,,34.0,22.0,63.0,40.0,57.0,39.0,97.0,201.0,139.0,,86.0,57.0,164.0,103.0,145.0,98.0,206.0,428.0,300.0,,183.0,124.0,356.0,225.0,308.0,209.0,362.0,761.0,544.0,,321.0,220.0,596.0,395.0,532.0,368.0,541.0,1133.0,856.0,,482.0,344.0,853.0,603.0,774.0,556.0,2.3319487225653144,2.07775626288985,4.029360531283281,,2.2010402269390665,2.764423051129795,0.9293875826757988,2.806410015884267,1.339820752034629,2.363570484067301,226.60472876228832,489.45486640418164,437.4614078892683,,206.39977645173957,158.1271809000782,309.989830221567,272.6016774767237,296.8105718808917,240.8867820226022,2596055.0,5489442.0,4101316.0,0.0,2327138.0,1633301.0,4127557.0,2900407.0,3731958.0,2673616.0,1004557332
1.2643791275951957,1.5109092028714022,3.1467813436983967,1.7714321007263827,1.3914599939232968,2.3580319751494567,0.7730836257834826,1.505415379197351,1.0657899459604678,1.4679838809940753,2470.0,4918.0,10176.0,3129.0,3685.0,1835.0,3687.0,2298.0,1958.0,2948.0,468.5804419558044,877.7761223877612,1325.4158584141585,433.6049395060494,586.3806619338067,279.54364563543646,577.4267573242676,429.0711928807119,323.4173582641736,523.1639245585875,0.0,0.0,0.0,0.0,0.0,0.0,0.0,0.0,0.0,0.0,71.0,139.0,202.0,63.0,94.0,42.0,98.0,62.0,51.0,82.0,187.0,350.0,505.0,169.0,232.0,105.0,250.0,163.0,127.0,205.0,393.0,736.0,1095.0,364.0,496.0,232.0,522.0,356.0,271.0,437.0,675.0,1268.0,1885.0,619.0,843.0,401.0,826.0,620.0,469.0,750.0,965.0,1808.0,2754.0,907.0,1203.0,582.0,1129.0,901.0,676.0,1084.300000000001,1.076556381073515,1.115346882230579,1.342261406346888,1.1638854636272988,1.081613707366868,1.279123109168317,0.8276834657664539,1.1443939992424763,1.0471506166731261,1.1148858049185157,360.44119708136117,673.1812739328112,1051.3089853817885,339.05660296121476,446.639098805738,223.0726834909824,403.21928011935887,338.61149468242644,248.92805104017611,403.5169256864799,4686273.0,8778639.0,13255484.0,4336483.0,5864393.0,2795716.0,5774845.0,4291141.0,3234497.0,5214898.0,1004561781
2.2635785035021643,6.2312671820470245,32.32673345950919,2.247701644548634,5.833062405476126,7.726660661460733,14.795315073094521,11.833087265600476,28.988305364865187,6.261478601267355,595.0,1590.0,5836.0,585.0,961.0,853.0,4987.0,2874.0,4565.0,1209.0,92.65193480651935,192.8044195580442,341.1639836016398,89.29017098290171,112.75192480751925,83.08289171082892,354.7082291770823,258.73142685731426,238.5077492250775,116.8047195280472,0.0,0.0,0.0,0.0,0.0,0.0,0.0,0.0,0.0,0.0,12.0,28.0,45.0,13.0,16.0,12.0,48.0,35.0,35.0,16.0,33.0,70.0,112.0,34.0,41.0,31.0,123.0,93.0,88.0,41.0,75.0,151.0,243.0,74.0,89.0,65.0,265.0,204.0,188.0,93.0,133.0,268.0,457.0,126.0,158.0,115.0,468.0,354.0,328.0,164.0,198.0,404.0,733.0,185.0,234.0,176.0,749.0,546.0,493.0,246.0,1.3275354751714974,1.901495635503725,3.9003141290565235,1.2883313602673356,1.7928863864722064,1.9897923872201002,2.774522867935223,2.3789193245221996,3.1032917793660024,1.7815906391336356,77.03295748253568,169.2806833175763,361.604801277153,71.59259174230782,96.55485255824662,72.48648031376038,347.7780778905908,234.75381671285746,216.1458761229173,100.57264420171038,926612.0,1928237.0,3411981.0,892991.0,1127632.0,830912.0,3547437.0,2587573.0,2385316.0,1168164.0,1004609129
2.398431739401797,9.480475115813203,12.635507479838445,1.4321934334060469,4.305530042126393,12.289932788254362,0.7254098688875747,0.8116466903131454,0.7654422120105631,6.562660240945401,1570.0,3817.0,4857.0,1625.0,1700.0,1223.0,1997.0,1122.0,2523.0,2144.0,248.53664633536647,353.24427557244275,371.58724127587243,306.1945805419458,245.992500749925,93.53294670532946,428.3632636736326,264.02929707029296,467.25517448255175,253.17228277172282,0.0,0.0,0.0,0.0,0.0,0.0,0.0,0.0,0.0,0.0,35.0,50.0,39.0,49.0,35.0,10.0,67.0,42.0,73.0,35.0,91.0,128.0,103.0,121.0,91.0,27.0,166.0,107.0,188.0,89.0,199.0,267.0,229.0,255.0,192.0,61.0,358.0,228.0,399.0,194.0,353.0,480.0,458.0,438.0,340.0,119.0,631.0,378.0,672.0,345.0,529.0,745.0,862.0,634.0,525.0,214.0,884.0,535.0,964.0,539.0,1.344742220436249,2.3121634162393674,2.9829793048333593,1.1447718798760445,1.6860217750927207,2.835883406724191,0.971672115128693,0.9657449852608534,0.9795702244475725,2.052332625852535,205.26326237763982,327.06145542310185,446.35484562531485,237.8844209582177,212.263590951806,105.70214538696014,326.1814800480054,195.8803278575872,353.11522210104744,233.5042252630098,2485615.0,3532796.0,3716244.0,3062252.0,2460171.0,935423.0,4284061.0,2640557.0,4673019.0,2531976.0,100519902
3.864790076645061,5.284221480161887,14.495841086918507,2.565466614543845,3.494029950731907,21.014923829015224,1.0668116790887172,13.008956409810487,0.6698143399548324,2.6140826564524353,1198.0,3771.0,4357.0,888.0,1207.0,2370.0,782.0,1486.0,897.0,1000.0,157.45175482451754,388.4126587341266,335.9010098990101,132.52944705529447,162.69393060693932,139.91620837916207,153.34046595340465,150.44215578442154,166.3047695230477,167.26687331266874,0.0,0.0,0.0,0.0,0.0,0.0,0.0,0.0,0.0,0.0,22.0,54.0,45.0,19.0,24.0,20.0,23.0,22.0,25.0,23.0,59.0,141.0,118.0,51.0,62.0,50.0,59.0,56.0,66.0,62.0,128.0,310.0,255.0,107.0,131.0,107.0,127.0,120.0,138.0,135.0,224.0,542.0,455.0,188.0,229.0,188.0,217.0,214.0,240.0,237.0,329.0,823.0,700.0,279.0,338.0,292.0,322.0,311.0,343.0,351.0,1.5450276089510002,1.7617605318281648,2.7375477365496983,1.370594367527791,1.5048627790347018,3.0703879106383694,1.088142269216102,2.433018082560998,0.9607014077622341,1.3973645629513447,130.94313001135373,336.09537693300757,323.2959773952964,108.62605837359756,134.8073195793121,134.04322727486897,119.71239272248661,132.04004498148328,125.77779416991449,138.4633968654274,1574675.0,3884515.0,3359346.0,1325427.0,1627102.0,1399302.0,1533558.0,1504572.0,1663214.0,1672836.0,1005472094
12.78918451751418,12.320391792087605,,10.401355978287906,17.89499994749039,74.55432303327794,6.946902620199681,13.028894210762342,,13.123717739126509,2573.0,4793.0,,1978.0,3603.0,4951.0,2258.0,1709.0,,2781.0,203.29357064293572,436.6044395560444,,171.93020697930206,235.08009199080092,145.9180081991801,209.4148585141486,168.83041695830417,,234.6979302069793,0.0,0.0,,0.0,0.0,0.0,0.0,0.0,,0.0,26.0,54.0,,21.0,27.0,18.0,31.0,21.0,,26.0,66.0,142.0,,55.0,69.0,46.0,79.0,57.0,,71.0,142.0,303.0,,119.0,154.0,98.0,170.0,125.0,,154.0,257.0,557.0,,218.0,288.0,179.0,294.0,223.0,,289.0,427.0,927.0,,372.0,511.0,295.0,427.0,350.0,,524.0,2.9201319821441456,2.902641981628333,,2.692726971127257,3.4387632787657743,6.123231153416397,1.8513395731264959,2.820276096844619,,3.0247777267759606,220.7629036039779,476.2441089570436,,185.50572101271473,284.44525076828324,193.62833593426438,176.07765950058084,170.9339060535274,,273.272969839162,2033139.0,4366481.0,0.0,1719474.0,2351036.0,1459326.0,2094358.0,1688473.0,0.0,2347214.0,100610446
3.5463136769432113,3.6778460290499555,,2.414047419014633,4.357809601570406,6.972188689376947,0.4502554696154166,1.3316124434816468,,5.009212347273844,1862.0,3286.0,,1137.0,1746.0,1283.0,1763.0,1306.0,,1530.0,229.48975102489752,418.5547419181997,,165.37636236376363,194.72812718728127,131.18638136186382,382.93710628937106,278.7347265273473,,185.2803719628037,0.0,0.0,,0.0,0.0,0.0,0.0,0.0,,0.0,33.0,63.0,,25.0,31.0,19.0,58.0,45.0,,27.0,88.0,164.5,,62.0,77.0,51.0,148.0,112.0,,70.0,188.0,344.0,,138.0,162.0,107.0,325.0,232.0,,152.0,325.0,603.5,,236.0,275.0,185.0,555.0,395.0,,261.0,478.0,872.1999999999998,,338.0,400.0,272.0,801.0,578.0,,381.0,1.4353024470549278,1.378583967523579,,1.2599708424941385,1.4977767730173657,1.7861445216413208,0.8965834396897274,1.1342206966158939,,1.6633686538942514,185.98019658003378,331.9270224408347,,130.07388876022074,155.18439347364225,108.38346487594012,288.6065244307301,215.862925772231,,153.5534284335639,2295127.0,2343488.0,0.0,1653929.0,1947476.0,1311995.0,3829754.0,2787626.0,0.0,1852989.0,1006345280
12.220964899708473,7.2164193068027975,92.21224779729734,,5.3930967362195394,9.482200928854219,0.8696847290948906,3.630326007743543,0.6974565264135202,,2737.0,5393.0,10842.0,,2235.0,1179.0,3828.0,2093.0,2183.0,,255.4965503449655,476.64613538646137,344.3764623537646,,224.46395360463953,123.17738226177383,789.5178482151784,314.3557644235576,442.3354664533547,,0.0,0.0,0.0,,0.0,0.0,0.0,0.0,0.0,,35.0,67.0,44.0,,32.0,16.0,126.0,49.0,68.0,,94.0,177.0,115.0,,85.0,44.0,310.0,127.0,173.0,,202.0,375.0,244.0,,180.0,95.0,667.0,262.0,365.0,,352.0,657.0,441.0,,317.0,169.0,1142.0,441.0,637.0,,532.0,989.0,695.0,,467.0,256.0,1622.0,640.0,938.0,,2.4541002254604893,1.9670789904448918,6.664549746151468,,1.6865885969059602,2.288431200508799,0.9934587100461132,1.4335673638324131,0.9999040866889921,,229.59955795492877,417.9474099301409,424.74726127654293,,188.16570921803856,113.28940962149447,598.3135717217264,246.86947931856238,339.3528337158906,,2555221.0,4766938.0,3444109.0,0.0,2244864.0,1231897.0,7895968.0,3143872.0,4423797.0,0.0,1006842231
30.51584469754328,12.170294635008677,45.37492698243328,8.998216050696346,7.745706553352366,7.879767534884324,2.0809840173762977,4.081427384813298,1.9577297185731188,4.9952042705189,4137.0,5691.0,8755.0,2848.0,2612.0,1462.0,3253.0,2754.0,4421.0,2014.0,282.7577242275772,550.8640135986401,379.9299070092991,288.35556444355564,279.2491750824918,155.3979602039796,531.9065093490651,385.55464453554646,608.6174382561744,280.6069393060694,0.0,0.0,0.0,0.0,0.0,0.0,0.0,0.0,0.0,0.0,38.0,78.0,51.0,39.0,41.0,21.0,79.0,57.0,96.0,41.0,95.0,198.0,129.0,104.0,103.0,56.0,210.0,147.0,238.0,103.0,208.0,420.0,279.0,220.0,221.0,121.0,440.0,312.0,506.0,220.0,371.0,744.0,495.0,395.0,390.0,213.0,763.0,543.0,870.0,388.0,589.0,1144.0,764.0,605.0,579.0,324.0,1093.0,803.0,1260.0,584.0,4.021095720488194,2.6249642669478193,4.861521188754321,2.2726781144094974,2.023042588362725,2.1485120350046505,1.2112534523280427,1.5964143715572923,1.1905268458805653,1.7911397608223014,302.7422791692306,525.7432427581447,426.8629604293178,266.75270413115567,242.5390614016007,141.3709348198519,415.7233911612674,320.6666699840757,473.5480970628821,243.38249277185326,2827860.0,5509191.0,3799679.0,2883844.0,2792771.0,1554135.0,5319597.0,3855932.0,6086783.0,2806350.0,1007019534
2.050912296106425,5.332325290031119,5.710501829345689,1.8270194105348523,2.2487029527008753,10.945962085551116,0.5074180148572598,4.667574930198785,13.017280937308627,3.334334871364133,1832.0,4881.0,3281.0,1504.0,1804.0,1843.0,1695.0,2228.0,5003.0,2071.0,289.0724927507249,569.042895710429,389.7168283171683,240.18548145185483,254.003299670033,172.1948805119488,408.7584241575842,311.018498150185,421.08779122087793,230.03269673032696,0.0,0.0,0.0,0.0,0.0,0.0,0.0,0.0,0.0,0.0,45.0,88.0,58.0,38.0,38.0,25.0,64.0,43.0,72.0,37.0,114.0,218.0,150.0,97.0,98.0,64.0,164.0,111.0,175.0,89.0,246.0,466.0,316.0,201.0,213.0,137.0,348.0,246.0,360.0,190.0,415.0,803.0,548.0,343.0,359.0,241.0,582.0,434.0,589.0,327.0,584.0,1179.0,804.0,490.0,528.0,360.0,841.0,654.0,853.0,471.0,1.1798911350750263,1.6736650611465018,1.7281964358218,1.1741325700157736,1.2537104239848664,2.147775973602418,0.9416822381063871,1.7333703162191751,2.0639653649100427,1.38499890556734,221.5798146137765,467.30752065398434,323.89884316832536,184.95380745794526,200.5140351424585,147.73119615635764,307.30846105383506,270.15293438677327,330.91174245096045,182.83451651922,2891014.0,5690998.0,3897558.0,2402095.0,2540287.0,1722121.0,4087993.0,3110496.0,4211299.0,2300557.0,1007996426
14.165497880513112,7.43656309527846,,,1.5562351457531145,15.01167294979312,0.9895767174630232,2.8208295715320713,,5.580751756609451,2482.0,5784.0,,,3430.0,2294.0,2303.0,1731.0,,3669.0,245.42835716428357,594.5659950436375,,,646.3420657934206,182.72902709729027,442.5048495150485,283.4274572542746,,391.3185681431857,0.0,0.0,,,0.0,0.0,0.0,0.0,,0.0,37.0,84.0,,,102.0,27.0,67.0,45.0,,60.0,93.0,217.0,,,257.0,69.0,173.0,110.0,,148.0,195.0,475.0,,,538.0,147.0,371.0,238.0,,321.0,338.0,826.0,,,923.0,258.0,642.0,398.0,,553.0,499.0,1228.0,,,1341.0,374.0,918.0,578.0,,807.0,2.691244149805076,2.0121164082315706,,,1.1769972337899586,2.4533452040766757,1.0222662976921628,1.3872401029730619,,1.665132129601925,222.9450059808266,519.9008940525509,,,504.20872174060224,157.33381761828375,338.87907814068404,225.98535298116954,,320.86777012375296,2454529.0,5518167.0,0.0,0.0,6464067.0,1827473.0,4425491.0,2834558.0,0.0,3913577.0,1009126824
0.28728625756524107,0.5765260259418583,7.097108933288694,0.6294233815470509,1.0813349159343932,2.8714916209831953,1.479813035178811,0.18550297685940143,0.0023452135031183374,1.2183342155859593,2143.0,3453.0,5789.0,1717.0,2069.0,900.0,7941.0,3043.0,4319.0,1820.0,468.2237776222378,770.732408626101,579.5120487951204,408.3976602339766,435.4068593140686,124.9077092290771,1595.1195880411958,737.5518448155184,1161.1886811318868,367.75862413758625,0.0,0.0,0.0,0.0,0.0,0.0,0.0,0.0,0.0,0.0,73.0,126.0,83.0,65.0,67.0,19.0,247.0,113.0,175.0,58.0,189.0,321.0,214.0,166.0,175.0,47.0,617.0,291.0,452.0,145.0,402.0,672.0,447.0,343.0,370.0,102.0,1311.0,635.0,984.0,311.0,685.0,1111.0,787.0,584.0,629.0,177.0,2305.0,1085.0,1709.0,524.0,961.0,1550.7999999999993,1230.0,848.0,883.0,263.0,3309.0,1524.0,2405.0,758.0,0.8387011065141281,0.882747695338078,2.056727741044131,0.9697533672036655,1.0214375547814438,1.362447045318328,1.1579243414415206,0.8098408739955566,0.7982223963143948,1.0698820003707645,344.6343281197741,559.2856522762238,523.7117379626048,308.1427045226366,327.5131007287267,100.86220591263033,1251.357162163253,543.7191399397728,865.3956040423769,280.27761511020964,4682706.0,7612524.0,5795700.0,4084385.0,4354504.0,1249202.0,15952791.0,7376256.0,11613048.0,3677954.0,1009442335
3.939907586218659,30.236789656453645,39.45650110460406,26.114153447788674,4.68800089229283,7.978156766313387,3.081491933585358,8.176661125466481,8.516435377646118,4.156164197455617,1771.0,12537.0,11874.0,3338.0,2041.0,1536.0,1811.0,3439.0,3784.0,1892.0,234.67323267673234,665.9331066893311,502.1581841815818,190.1879812018798,239.15788421157885,147.40805919408058,252.07179282071792,342.7068293170683,319.45465453454653,248.7049414161997,0.0,0.0,0.0,0.0,0.0,0.0,0.0,0.0,0.0,0.0,32.0,80.0,54.0,27.0,34.0,19.0,37.0,51.0,49.0,35.0,86.0,217.0,135.0,70.0,86.0,51.0,94.0,129.0,120.0,91.0,185.0,458.0,301.0,150.0,190.0,111.0,201.0,273.0,253.0,194.0,330.0,830.0,574.0,265.0,332.0,200.0,357.0,476.0,445.0,346.0,499.0,1361.0,1026.0,399.0,504.0,315.0,532.0,721.0,665.0,529.6000000000004,1.5958530845646588,4.204365589667192,5.158838827510851,2.7456401018394287,1.7140685716446742,2.1831710840978937,1.4655206517130452,1.9815799701907322,2.0095051389277363,1.6766235631720023,200.3450977998682,791.9681080856966,750.3670096527849,167.91797539136198,206.0661951172074,137.94244658930367,210.32090919657864,294.3513717351352,275.2748622169906,216.87375391829303,2346967.0,6659997.0,5022084.0,1902070.0,2391818.0,1474228.0,2520970.0,3427411.0,3194866.0,2441039.0,1009749143
7.83087454065294,7.660869512855657,9.946906492750983,7.330554188875763,4.461621136578604,7.038559341422725,4.0875104763427235,20.191448776162076,4.2854272691953526,5.4813285686099,2424.0,4346.0,3578.0,1786.0,1840.0,1523.0,1754.0,3308.0,2198.0,1890.0,238.1011898810119,514.3943605639436,380.024797520248,196.37036296370363,213.06859314068592,146.6024397560244,219.5220477952205,272.16538346165385,225.96600339966002,229.29988737585748,0.0,0.0,0.0,0.0,0.0,0.0,0.0,0.0,0.0,0.0,34.0,72.0,52.0,28.0,31.0,20.0,33.0,35.0,35.0,32.0,87.0,187.0,134.0,75.0,80.0,51.0,85.0,95.0,86.0,84.0,188.0,406.0,286.0,156.0,170.0,112.0,182.0,203.0,188.0,182.0,329.0,709.0,514.0,272.0,296.0,202.0,310.0,363.0,321.0,320.0,500.0,1073.0,798.0,407.0,446.0,313.0,453.0,562.0,467.0,477.39999999999964,2.0113572539669335,2.1036139664879254,2.4252320565292713,1.9920654406222444,1.6387315488636505,2.0672190538385373,1.5118848464956398,3.3773882263573918,1.410793553967592,1.7932282313359806,209.3885483009614,460.7477386425175,361.85119287494615,170.25887118608017,178.7858749860026,134.99791157661292,177.77826059123797,278.20867320336265,179.172742469706,197.53455166621814,2381250.0,5144458.0,3800628.0,1963900.0,2130899.0,1466171.0,2195440.0,2721926.0,2259886.0,2239572.0,1010002096
9.0016846175698,11.316980315983994,,9.968087451726856,22.44595655257811,44.417534842238304,0.9223437327943338,5.658818546482816,,13.615294958252893,1662.0,3951.0,,1297.0,2906.0,2368.0,1053.0,1474.0,,2235.0,170.76102389761024,366.94600539946003,,148.92400759924007,192.66843315668433,117.33746625337466,226.52284771522847,165.95860413958604,,195.25397460253976,0.0,0.0,,0.0,0.0,0.0,0.0,0.0,,0.0,24.0,53.0,,22.0,27.0,16.0,35.0,25.0,,26.0,63.0,136.0,,56.0,69.0,41.0,89.0,63.0,,68.0,136.0,286.0,,116.0,147.0,88.0,189.0,137.0,,147.0,235.0,502.0,,205.0,256.0,155.0,323.0,235.0,,263.0,349.0,750.0,,302.0,390.0,239.0,477.0,344.0,,407.0,2.1768413084843683,2.4400695184343193,,2.3852252025515583,3.368788923987836,4.896716235355647,1.055114461919318,1.661275374999665,,2.7867965286967338,151.27148272133624,334.7756978699194,,135.17476104871628,191.462147309683,128.7429928389871,175.00757098745672,136.25236323165694,,190.82347992438181,1707781.0,3669827.0,0.0,1489389.0,1926877.0,1173492.0,2265455.0,1659752.0,0.0,1952735.0,1010561361
5.091136301591413,1.860264541948787,,1.6599612995476454,2.148700706803492,2.8080633162545414,0.8749718480617976,1.598224101912617,2.9904293949743828,10.224235269682815,2356.0,2239.0,,1378.0,2171.0,799.0,2133.0,1847.0,3689.0,3611.0,293.5555444455554,413.1505849415058,,238.47395260473954,276.5353464653535,128.74222577742225,475.13238676132386,298.15158484151584,389.21287871212877,275.9156084391561,0.0,0.0,,0.0,0.0,0.0,0.0,0.0,0.0,0.0,43.0,64.0,,37.0,41.0,18.0,78.0,45.0,62.0,41.0,114.0,162.0,,94.0,107.0,47.0,194.0,116.0,153.0,106.0,240.0,340.0,,197.0,228.0,104.0,403.0,247.0,323.0,224.0,411.0,587.0,,342.0,397.0,181.0,679.0,430.0,556.0,391.0,611.0,863.0,,495.0,576.0,270.0,972.0,619.0,807.0,574.0,1.660377859950609,1.2268637337534845,,1.1725120895905579,1.215991281119798,1.423238422601681,1.0064422207475616,1.1305539377897116,1.2566398037604132,1.9092209277192216,242.50731399177644,325.63805662408043,,186.4867532734305,217.59162616126213,106.89952734135647,356.2611032262613,231.6745825932099,303.8908389177308,227.61374008910855,2935849.0,4131919.0,0.0,2384978.0,2765630.0,1287551.0,4751799.0,2981814.0,3892518.0,2759432.0,1010680130
1.188296820105836,2.27755918642276,8.737609666539825,0.7778985874621975,0.8358405353060663,4.044903445116648,0.5927666704187757,0.7841208423995556,0.06641138697739235,1.9282385028009732,1483.0,3625.0,3575.0,1151.0,1241.0,1358.0,1572.0,1554.0,1953.0,1438.0,270.1022897710229,529.7161283871612,318.2892710728927,228.3745625437456,236.37226277372264,155.24097590240976,352.009799020098,299.4839516048395,475.3407659234077,218.96263184329482,0.0,0.0,0.0,0.0,0.0,0.0,0.0,0.0,0.0,0.0,42.0,80.0,47.0,36.0,38.0,22.0,58.0,49.0,75.0,36.0,108.0,211.0,118.0,88.0,94.0,58.0,145.0,124.0,192.0,88.0,228.0,440.0,254.0,192.0,201.0,125.0,302.0,258.0,404.0,182.0,388.0,749.0,439.0,332.0,340.0,219.0,504.0,432.0,702.0,312.0,557.0,1107.0,663.0,473.0,488.0,327.0,721.0,604.0,981.0,450.0,1.063783612490099,1.2509646045841252,2.0472828109629706,0.9730954182735625,0.9909027170758976,1.567968476128963,0.9215831831785037,0.9177132992110959,0.7839858818525467,1.1838050970499059,205.8381466972447,415.77012315563167,275.50282687093903,174.0496041043217,178.24156728038872,129.99062475735516,259.8636702272359,219.16270843239562,348.52860580872454,168.99349602192996,2701293.0,5297691.0,3183211.0,2283974.0,2363959.0,1552565.0,3520450.0,2995139.0,4753883.0,2179773.0,1010725931
1.8954257231153502,2.073450684736547,34.02954029256378,1.630714598081405,6.606412605407864,5.977119280697974,0.8639161271222808,1.0027671674431868,1.7462911137711892,3.8846948096196554,773.0,1638.0,4741.0,660.0,1366.0,814.0,755.0,669.0,1080.0,1150.0,126.57674232576743,270.54904509549044,245.5028497150285,108.68323167683232,125.18908109189081,91.21797820217978,146.63543645635437,130.17608239176081,157.9157084291571,170.54164583541646,0.0,0.0,0.0,0.0,0.0,0.0,0.0,0.0,0.0,0.0,19.0,41.0,33.0,17.0,19.0,13.0,23.0,20.0,25.0,25.0,49.0,104.0,84.0,43.0,48.0,34.0,58.0,52.0,64.0,65.0,105.0,223.0,186.0,90.0,103.0,72.0,121.0,109.0,133.0,137.0,180.0,385.0,328.0,156.0,176.0,128.0,211.0,186.0,229.0,239.0,263.0,563.0,511.0,224.0,259.0,191.0,310.0,275.0,325.0,359.0,1.2185524199687412,1.2606165928946134,3.9368047291798796,1.14529474129147,1.7277221997113203,1.7875884763025736,1.0328544068295178,1.0602775851281598,1.0896717949149188,1.5878953401858193,99.97534863668392,215.00804408053682,251.62509138970682,84.32794582933478,103.38435348139255,77.65810891820587,113.26481130577135,100.54341694954877,119.9060690466524,142.761571476539,1265894.0,2705761.0,2455274.0,1086941.0,1252016.0,912271.0,1466501.0,1301891.0,1579315.0,1705587.0,1010756593
2.247198918628932,1.7287386638710736,,1.9196564291034495,1.4371113977209085,,-0.12260799198177574,4.0498241190639215,1.8271198149664105,1.228022509016327,3409.0,6173.0,,2720.0,3259.0,,2378.0,4128.0,2062.0,2903.0,506.4548545145486,980.8629137086291,,477.1013898610139,634.015198480152,,580.8504149585042,542.4650534946505,350.2112788721128,587.7774222577742,0.0,0.0,,0.0,0.0,,0.0,0.0,0.0,0.0,77.0,157.0,,72.0,97.0,,110.0,82.0,53.0,88.0,200.0,385.0,,186.0,246.0,,266.0,201.0,138.0,224.0,415.0,806.0,,395.0,534.0,,533.0,428.0,288.0,490.0,729.0,1409.0,,683.0,904.0,,834.0,754.0,498.0,843.0,1046.0,2050.0,,986.0,1304.0,,1116.0,1144.0,731.0,1216.0,1.2419974298142578,1.1848977609984783,,1.221199231136056,1.1352672831606043,,0.605488156359228,1.6390271159683445,1.2083103017518682,1.097766075656793,397.1831446407077,766.4341205253518,,375.55624681140387,492.96646191093276,,384.7894320561283,462.16550499103636,275.8118377749119,457.7974906595651,5065055.0,9809610.0,0.0,4771491.0,6340786.0,0.0,5809085.0,5425193.0,3502463.0,5878362.0,1010864137
1.5184571174273884,1.4707899237079314,15.467344625542601,1.4791916085806562,1.6122339079417776,2.5289298071818687,7.5655426826312775,6.819741992238883,11.223316083473975,1.8944865170745402,1433.0,2486.0,9650.0,1278.0,1760.0,1073.0,4033.0,3514.0,6258.0,1641.0,221.1988801119888,466.72672732726727,594.5204479552045,211.04169583041696,280.41105889411057,170.47005299470052,424.85021497850215,418.4248575142486,575.2898710128987,264.5039496050395,0.0,0.0,0.0,0.0,0.0,0.0,0.0,0.0,0.0,0.0,34.0,70.0,86.0,33.0,41.0,26.0,69.0,60.0,83.0,40.0,88.0,180.0,222.0,83.0,107.0,64.0,171.0,155.0,210.0,102.0,186.0,380.0,456.0,177.0,235.0,139.0,356.0,333.0,445.0,219.0,317.0,666.0,807.0,304.0,404.0,242.0,600.0,583.0,785.0,376.0,452.0,981.0,1241.0,436.0,582.0,357.0,864.0,869.0,1197.0,553.0,1.0973667823339683,1.1622335428469988,2.5399068997269256,1.1082409019703987,1.1442770703045446,1.3405954676871572,1.7279132699162958,1.945945300612058,2.4815450118982554,1.2119016710057506,168.85178217225226,368.9366401085402,544.1213054152901,162.59760748942116,219.90690283319583,137.99691347304545,335.68704407856404,363.0026126325294,534.6495645433497,207.89307927249303,2212210.0,4667734.0,5945799.0,2110628.0,2804391.0,1704871.0,4248927.0,4184667.0,5753474.0,2645304.0,1011078321
7.823243213652245,13.117589019541406,17.20577521616225,7.348084908458337,8.08614143548731,19.921317535579433,0.6943060637183747,20.929550305755615,0.9124645462454932,2.854799207782688,1348.0,3836.0,5103.0,1075.0,1685.0,1808.0,777.0,2552.0,938.0,1711.0,149.7015298470153,360.42565743425655,325.73882611738827,129.6159384061594,157.3963603639636,137.62103789621037,162.67333266673333,180.6123387661234,173.7006299370063,228.92430756924307,0.0,0.0,0.0,0.0,0.0,0.0,0.0,0.0,0.0,0.0,21.0,50.0,43.0,18.0,23.0,18.0,25.0,28.0,27.0,33.0,55.0,126.0,111.0,48.0,58.0,48.0,65.0,71.0,70.0,85.0,117.0,271.0,238.0,103.0,124.0,101.0,136.0,148.0,147.0,186.0,205.0,484.0,427.0,178.0,217.0,179.0,236.0,252.0,251.0,322.0,309.0,742.0,682.0,271.0,330.0,277.0,338.0,369.0,354.0,485.0,2.108434551272476,2.7743257738999794,3.0423286119334083,2.0212520490724426,2.052400762454407,3.526800161732469,0.9713510492910256,2.713159373187015,0.9772775698462672,1.4116718124146992,134.3379492424212,352.58628971874424,334.3805116650518,114.12938439307297,138.85938672899186,149.56701365395602,123.46542017011168,153.88743094788353,130.08619438127604,188.74383107821825,1497165.0,3604617.0,3257714.0,1296289.0,1574121.0,1376348.0,1626896.0,1806304.0,1737180.0,2289472.0,1011133267
1.1096375014503943,1.3015238690919242,3.8384660597736584,0.9682632115798504,1.1589260429505481,2.486616111889699,2.627122879226544,0.8388547766088976,1.1251253412872728,1.3442884057174398,2818.0,6507.0,25318.0,2548.0,4100.0,2746.0,1961.0,1513.0,2318.0,4104.0,622.5757424257574,1354.4613538646136,2920.2046795320466,489.0999900009999,690.5307469253074,439.42665733426657,314.8938106189381,308.5971402859714,409.3022697730227,723.3503551940698,0.0,0.0,0.0,0.0,0.0,0.0,0.0,0.0,0.0,0.0,104.0,213.0,421.0,78.0,103.0,67.0,47.0,48.0,64.0,112.0,255.0,527.0,1052.0,197.0,269.0,173.0,123.0,123.0,166.0,282.0,520.0,1146.0,2337.0,413.0,577.0,358.0,266.0,262.0,351.0,602.0,886.0,1942.0,4068.0,706.0,996.0,622.0,443.0,444.0,591.0,1036.0,1289.0,2794.0,6198.0,1004.0,1442.0,916.0,646.0,638.0,829.0,1502.800000000001,1.0872493856108383,1.1034348795201723,1.5783959336059359,1.0029492707902123,1.0697084039515776,1.3185611491616842,1.3222904528249106,0.9931262999228281,1.0141764337667487,1.1088055557745866,474.61268302428584,1043.4140715609153,2486.8940728953653,368.40068648280214,533.4248980686334,351.0517888365127,248.84461963781283,232.8630661737091,306.53787192424954,561.1562524433161,6226380.0,13545968.0,29204967.0,4891489.0,6905998.0,4394706.0,3149253.0,3086280.0,4093432.0,7025902.0,1013196130
1.5348987382616972,0.6888837583985796,1.9987992969524129,0.8962159522768314,1.057470722149425,,0.6334981024179496,1.3627617058974923,2.2698631506053726,1.0172136166231285,1868.0,2884.0,2411.0,5057.0,1443.0,,2315.0,2965.0,3918.0,1663.0,287.3121687831217,600.3505649435057,383.3923607639236,970.2074792520748,264.5428457154285,,510.17168283171685,510.8580141985801,554.081191880812,283.44745525447456,0.0,0.0,0.0,0.0,0.0,,0.0,0.0,0.0,0.0,46.0,94.0,60.0,133.0,41.0,,84.0,78.0,84.0,44.0,119.0,235.0,152.0,346.0,103.0,,208.0,205.0,214.0,115.0,245.0,505.0,321.0,761.0,224.0,,440.0,428.0,450.0,236.0,411.0,867.0,546.0,1408.0,380.0,,736.0,736.0,785.0,410.0,588.0,1251.0,785.0,2139.0,546.0,,1035.0,1058.0,1164.0,582.0,1.081064550093014,0.9688806975779457,1.18347446277376,1.1063881906798407,1.034956204037649,,0.9206956096496746,1.0948952387261062,1.3054094597521573,1.0211970458747046,215.8499801735129,456.24964273074323,296.24675093178024,796.4599112623655,202.19646927941423,,375.4949584509195,390.9909296109261,445.2310766413541,214.83147363404092,2873409.0,6004106.0,3834307.0,9703045.0,2645693.0,0.0,5102227.0,5109091.0,5541366.0,2834758.0,1013226239
6.691405973261218,33.240126352377594,24.366221061124797,,6.495435157443555,10.826259766602739,0.6688352121940397,7.379178535507079,2.5361806761521253,4.7677924420077415,2755.0,32767.0,7763.0,,2837.0,1893.0,1748.0,2625.0,4027.0,2454.0,299.4071592840716,1491.2457754224577,440.2636736326367,,269.79112088791123,169.7007299270073,384.8447155284472,327.54434556544345,610.8883111688831,301.24617538246173,0.0,0.0,0.0,,0.0,0.0,0.0,0.0,0.0,0.0,42.0,138.0,54.0,,38.0,22.0,60.0,49.0,92.0,43.0,109.0,361.0,142.0,,96.0,58.0,151.0,124.0,238.0,109.0,231.0,804.0,309.0,,214.0,125.0,325.0,263.0,502.0,239.0,412.0,1566.0,562.0,,377.0,227.0,560.0,455.0,862.0,421.0,635.0,2994.0,942.0,,572.0,364.0,797.0,671.0,1267.0,638.0,1.993430798241418,4.9460557278341755,3.6727598945809845,,1.839061616928613,2.564274341327649,0.9506131798565307,2.01877961765158,1.3232501500131573,1.7257676268986135,267.9120142971187,2468.8384280443306,489.4576698441481,,233.29034884699684,167.34655039309044,291.1763273075639,283.1063451395503,487.6803912649734,259.62924409939035,2994371.0,14913949.0,4403077.0,0.0,2698181.0,1697177.0,3848832.0,3275771.0,6109494.0,3012763.0,1013789689
1.657254625710931,1.8479172051044692,17.125133127680833,1.8104948475456606,2.369996185473637,2.625413750077091,38.26911762375716,1.6259013849475457,3.2815934125085136,1.5551934364789068,1919.0,4853.0,8711.0,1520.0,2171.0,1566.0,5052.0,2376.0,2976.0,1698.0,366.22697730226974,933.1012898710129,614.2483751624837,265.8950104989501,303.7958204179582,249.05299470052995,325.8944105589441,432.1090890910909,433.84831516848317,331.32323669407185,0.0,0.0,0.0,0.0,0.0,0.0,0.0,0.0,0.0,0.0,55.0,134.0,87.0,39.0,47.0,39.0,45.0,67.0,64.0,51.0,144.0,347.0,216.0,102.0,117.0,93.0,110.0,166.0,162.0,130.0,302.0,737.0,467.0,221.0,250.0,196.0,235.0,356.0,351.0,275.0,519.0,1343.0,829.0,382.0,433.0,352.0,411.0,621.0,620.0,467.0,763.0,2000.0,1276.0,553.0,630.0,527.0,635.0,908.0,905.0,689.0,1.191414406790681,1.2801284756163362,2.895557407203704,1.2002415003212343,1.3024785929656049,1.4105926392908048,5.10715178576964,1.1793848623664869,1.461691986181577,1.1685853007737925,287.54558956129443,766.9641737652001,589.936498365383,210.6180722922475,242.87862999146168,206.43590286401457,401.7530197145443,340.1239212380984,357.36069969907305,258.89397241037267,3662636.0,9331946.0,6143098.0,2659216.0,3038262.0,2490779.0,3259270.0,4321523.0,4338917.0,3062752.0,1014562599
1.2276593483551839,1.4204007573211053,18.61172660066044,0.9634680109395592,0.9682369489097522,3.4412466498733636,1.572631568105039,1.1559199702654794,2.1321844963700665,0.8614414596735678,1843.0,4341.0,7618.0,1303.0,1551.0,1424.0,2979.0,2119.0,2849.0,1554.0,338.5590440955904,810.1633836616338,568.3266673332666,258.30156984301567,292.5139486051395,204.84761523847615,481.6919308069193,428.7687231276872,442.8667133286671,317.0456904446932,0.0,0.0,0.0,0.0,0.0,0.0,0.0,0.0,0.0,0.0,52.0,122.0,81.0,41.0,44.0,30.0,75.0,68.0,64.0,50.0,133.0,313.0,200.0,102.0,114.0,77.0,192.0,166.0,164.0,122.0,279.0,669.0,423.0,216.0,244.0,167.0,408.0,354.0,362.0,262.0,489.0,1165.0,761.0,373.0,422.0,291.0,696.0,615.0,630.0,463.0,704.0,1684.0,1196.0,535.0,612.0,425.0,981.0,896.0,940.0,661.0,1.0900871574008393,1.133033471290756,3.052664360588501,1.0222020831797052,1.0323894974599037,1.4695583085249004,1.1034108417988957,1.099390329185171,1.2775174377875569,0.9983120512060742,262.4422396232096,634.7272977453464,560.3925397235247,197.09378540820444,225.09247661887093,167.49835096669563,367.3251774434766,333.96661600474295,358.82917820724487,241.96945936148055,3385929.0,8102444.0,5683835.0,2583274.0,2925432.0,2048681.0,4817401.0,4288116.0,4429110.0,3115608.0,1014585637
14.225135480647005,24.24192403910928,51.67768968856956,,16.464614277153743,20.544202781995715,1.1348407235969598,6.569043720207714,0.4997139464868132,,3225.0,7061.0,7608.0,,3069.0,2195.0,5290.0,2918.0,2682.0,,273.72912708729126,476.3037696230377,325.66083391660834,,247.97850214978502,126.1950804919508,1123.4859514048594,349.4669533046695,584.1753824617538,,0.0,0.0,0.0,,0.0,0.0,0.0,0.0,0.0,,39.0,66.0,42.0,,35.0,17.0,187.0,51.0,86.0,,101.0,168.0,102.0,,93.0,43.0,454.0,135.0,230.0,,217.0,360.0,225.0,,195.0,93.0,945.0,292.0,495.0,,379.0,628.0,411.0,,346.0,166.0,1601.0,493.0,849.0,,563.0,978.0,673.0,,514.0,260.0,2297.0,709.0,1212.0,,2.547428348916581,3.617513814924799,5.286787269734878,,2.655521761814375,3.2698284948827445,1.084879775084771,1.7583398725870716,0.9084271036579061,,245.07909564164783,491.22242977574683,395.2422069501997,,222.0111335897284,130.3406998592382,856.9749956840149,285.28471380851573,439.58090772679856,,2737565.0,4763514.0,3256934.0,0.0,2480033.0,1262077.0,11235983.0,3495019.0,5842338.0,0.0,1015033166
2.575516469332646,4.729315961217453,80.02716323990859,1.5194077289590409,3.6252893575221385,6.6425251131542575,0.9693304478441243,2.098063520635842,2.253576845754921,4.768059716924975,1954.0,4745.0,7645.0,1381.0,1931.0,1406.0,2155.0,1888.0,4011.0,1603.0,273.06459354064594,506.7357264273573,303.052194780522,226.73062693730628,230.7778222177782,134.04559544045594,434.7619238076192,304.81371862813717,492.6858314168583,208.51100917431194,0.0,0.0,0.0,0.0,0.0,0.0,0.0,0.0,0.0,0.0,43.0,78.0,43.0,34.0,34.0,19.0,65.0,49.0,79.0,30.0,109.0,205.0,112.0,88.0,87.0,51.0,172.0,119.0,192.0,80.0,229.0,421.0,236.0,188.0,189.0,110.0,367.0,246.0,400.0,165.0,387.0,708.0,403.0,330.0,328.0,189.0,626.0,429.0,703.0,295.0,559.0,1038.0,618.0,465.0,479.0,276.0,907.0,638.0,1031.0,439.0,1.2834268604188204,1.5443332308337276,5.764334317036063,1.1217392313759387,1.4498194542703786,1.7745476637877704,1.0132042835440258,1.3057035497264486,1.2322829021663808,1.6543920442302875,212.60401225578335,405.7931996134173,313.48389476244625,175.7857150933969,187.2975852276179,111.85027903786346,330.94532632152186,244.23654107397692,388.6211680907657,175.4688987213807,2730919.0,5067864.0,3030825.0,2267533.0,2308009.0,1340590.0,4348054.0,3048442.0,4927351.0,2045493.0,1015092282
2.340082941500788,2.6121664496840706,12.037042983278852,2.423045759815821,3.4944731875833623,4.7950186812745965,0.9533218697590558,1.6202253575526724,1.2638660706749674,4.649567738712904,1351.0,3695.0,4651.0,1058.0,1426.0,1079.0,897.0,1165.0,1234.0,1822.0,213.65383461653835,548.7579242075792,352.2895710428957,176.03839616038397,187.63293670632936,138.5004499550045,185.58824117588242,225.4953504649535,214.33046695330466,210.8029197080292,0.0,0.0,0.0,0.0,0.0,0.0,0.0,0.0,0.0,0.0,33.0,84.0,48.0,26.0,27.0,20.0,30.0,35.0,33.0,30.0,83.0,205.0,124.0,69.0,70.0,52.0,75.0,88.0,83.0,79.0,178.0,447.0,263.0,143.0,153.0,111.0,154.0,185.0,179.0,171.0,308.0,771.0,472.0,251.0,265.0,194.0,264.0,320.0,308.0,294.0,441.0,1152.0,735.0,365.0,391.0,288.0,387.0,473.0,445.0,437.0,1.2696402634167645,1.380229513522406,2.580127554069541,1.3166241189879382,1.5072139356671295,1.7086867479942165,1.0560532600257584,1.1997780249027843,1.0929294762267219,1.642187926085398,168.62156255219628,447.4073692882703,340.28216136057733,140.8635131096319,155.72097402426203,117.89917228207126,142.38608372209774,177.5126463195782,166.69983347523754,176.57082787220108,2136752.0,5488128.0,3523248.0,1760560.0,1876517.0,1385143.0,1856068.0,2255179.0,2143519.0,2108240.0,1016110949
